,StationName,City,State,FullAddress,location,latitude,longitude,road_distance,river_distance,industry_distance
0,"Secretariat, Amaravati - APPCB",Amaravati,Andhra Pradesh,"Amaravati, Andhra Pradesh, India","Amaravati, Thullur, Guntur, Andhra Pradesh, India",16.5096679,80.5184535,192.6634085661876,928.2927225689394,8084.438723830129
1,"Anand Kala Kshetram, Rajamahendravaram - APPCB",Rajamahendravaram,Andhra Pradesh,"Rajamahendravaram, Andhra Pradesh, India","Rajamahendravaram, Rajahmundry (Urban), East Godavari, Andhra Pradesh, 533100, India",17.0050454,81.7804732,11.374129044550443,708.0604363625781,2340.65195677754
2,"Tirumala, Tirupati - APPCB",Tirupati,Andhra Pradesh,"Tirupati, Andhra Pradesh, India","Tirupati, Tirupati (Urban), Tirupati, Andhra Pradesh, 517500, India",13.6316368,79.4231711,2.59824333322937,331.09934817820584,6312.377727936944
3,"PWD Grounds, Vijayawada - APPCB",Vijayawada,Andhra Pradesh,"Vijayawada, Andhra Pradesh, India","Vijayawada, NTR, Andhra Pradesh, 520001, India",16.5115306,80.6160469,28.619921868911057,24.933751791179574,259.9024868375019
4,"GVM Corporation, Visakhapatnam - APPCB",Visakhapatnam,Andhra Pradesh,"Visakhapatnam, Andhra Pradesh, India","Visakhapatnam, Visakhapatnam (Urban), Visakhapatnam, Andhra Pradesh, 530001, India",17.6935526,83.2921297,10.236433390970582,156.2893490606283,132.03045595998162
5,"Railway Colony, Guwahati - APCB",Guwahati,Assam,"Guwahati, Assam, India","Guwahati, Kamrup Metropolitan, Assam, 781015, India",26.1805978,91.753943,8.610074756154257,569.920277823499,2194.6576625039274
6,"Collectorate, Gaya - BSPCB",Gaya,Bihar,"Gaya, Bihar, India","Gaya, Bihar, India",24.6793889,85.0115833,460.43610484587975,885.725584675477,2511.4533087956374
7,"SFTI Kusdihra, Gaya - BSPCB",Gaya,Bihar,"Gaya, Bihar, India","Gaya, Bihar, India",24.6793889,85.0115833,460.43610484587975,885.725584675477,2511.4533087956374
8,"Industrial Area, Hajipur - BSPCB",Hajipur,Bihar,"Hajipur, Bihar, India","Hajipur, Vaishali, Bihar, 844101, India",25.6905702,85.2090351,30.813710102186665,237.44484431201624,2437.809325372405
9,"Muzaffarpur Collectorate, Muzaffarpur - BSPCB",Muzaffarpur,Bihar,"Muzaffarpur, Bihar, India","Muzaffarpur, Bihar, India",26.1482548,85.3316097,43.07456462254194,2075.1533040150525,1516.5852243487536
10,"DRM Office Danapur, Patna - BSPCB",Patna,Bihar,"Patna, Bihar, India","Patna, Patna Rural, Patna, Bihar, 800001, India",25.6093239,85.1235252,36.17227953064952,585.6405885851045,1713.1344020490549
11,"Govt. High School Shikarpur, Patna - BSPCB",Patna,Bihar,"Patna, Bihar, India","Patna, Patna Rural, Patna, Bihar, 800001, India",25.6093239,85.1235252,36.17227953064952,585.6405885851045,1713.1344020490549
12,"IGSC Planetarium Complex, Patna - BSPCB",Patna,Bihar,"Patna, Bihar, India","Patna, Patna Rural, Patna, Bihar, 800001, India",25.6093239,85.1235252,36.17227953064952,585.6405885851045,1713.1344020490549
13,"Muradpur, Patna - BSPCB",Patna,Bihar,"Patna, Bihar, India","Patna, Patna Rural, Patna, Bihar, 800001, India",25.6093239,85.1235252,36.17227953064952,585.6405885851045,1713.1344020490549
14,"Rajbansi Nagar, Patna - BSPCB",Patna,Bihar,"Patna, Bihar, India","Patna, Patna Rural, Patna, Bihar, 800001, India",25.6093239,85.1235252,36.17227953064952,585.6405885851045,1713.1344020490549
15,"Samanpura, Patna - BSPCB",Patna,Bihar,"Patna, Bihar, India","Patna, Patna Rural, Patna, Bihar, 800001, India",25.6093239,85.1235252,36.17227953064952,585.6405885851045,1713.1344020490549
16,"Sector-25, Chandigarh - CPCC",Chandigarh,Chandigarh,"Chandigarh, Chandigarh, India","Chandigarh, India",30.7334421,76.7797143,36.21857974565432,1477.5189528246415,760.693411239718
17,"Alipur, Delhi - DPCC",Delhi,Delhi,"Delhi, Delhi, India","Delhi, Kotwali Tehsil, Central Delhi, Delhi, 110006, India",28.6517178,77.2219388,38.15923883721523,618.4308838622189,1885.1610442175524
18,"Anand Vihar, Delhi - DPCC",Delhi,Delhi,"Delhi, Delhi, India","Delhi, Kotwali Tehsil, Central Delhi, Delhi, 110006, India",28.6517178,77.2219388,38.15923883721523,618.4308838622189,1885.1610442175524
19,"Ashok Vihar, Delhi - DPCC",Delhi,Delhi,"Delhi, Delhi, India","Delhi, Kotwali Tehsil, Central Delhi, Delhi, 110006, India",28.6517178,77.2219388,38.15923883721523,618.4308838622189,1885.1610442175524
20,"Aya Nagar, Delhi - IMD",Delhi,Delhi,"Delhi, Delhi, India","Delhi, Kotwali Tehsil, Central Delhi, Delhi, 110006, India",28.6517178,77.2219388,38.15923883721523,618.4308838622189,1885.1610442175524
21,"Bawana, Delhi - DPCC",Delhi,Delhi,"Delhi, Delhi, India","Delhi, Kotwali Tehsil, Central Delhi, Delhi, 110006, India",28.6517178,77.2219388,38.15923883721523,618.4308838622189,1885.1610442175524
22,"Burari Crossing, Delhi - IMD",Delhi,Delhi,"Delhi, Delhi, India","Delhi, Kotwali Tehsil, Central Delhi, Delhi, 110006, India",28.6517178,77.2219388,38.15923883721523,618.4308838622189,1885.1610442175524
23,"CRRI Mathura Road, Delhi - IMD",Delhi,Delhi,"Delhi, Delhi, India","Delhi, Kotwali Tehsil, Central Delhi, Delhi, 110006, India",28.6517178,77.2219388,38.15923883721523,618.4308838622189,1885.1610442175524
24,"DTU, Delhi - CPCB",Delhi,Delhi,"Delhi, Delhi, India","Delhi, Kotwali Tehsil, Central Delhi, Delhi, 110006, India",28.6517178,77.2219388,38.15923883721523,618.4308838622189,1885.1610442175524
25,"Dr. Karni Singh Shooting Range, Delhi - DPCC",Delhi,Delhi,"Delhi, Delhi, India","Delhi, Kotwali Tehsil, Central Delhi, Delhi, 110006, India",28.6517178,77.2219388,38.15923883721523,618.4308838622189,1885.1610442175524
26,"Dwarka-Sector 8, Delhi - DPCC",Delhi,Delhi,"Delhi, Delhi, India","Delhi, Kotwali Tehsil, Central Delhi, Delhi, 110006, India",28.6517178,77.2219388,38.15923883721523,618.4308838622189,1885.1610442175524
27,"East Arjun Nagar, Delhi - CPCB",Delhi,Delhi,"Delhi, Delhi, India","Delhi, Kotwali Tehsil, Central Delhi, Delhi, 110006, India",28.6517178,77.2219388,38.15923883721523,618.4308838622189,1885.1610442175524
28,"IGI Airport (T3), Delhi - IMD",Delhi,Delhi,"Delhi, Delhi, India","Delhi, Kotwali Tehsil, Central Delhi, Delhi, 110006, India",28.6517178,77.2219388,38.15923883721523,618.4308838622189,1885.1610442175524
29,"IHBAS, Dilshad Garden, Delhi - CPCB",Delhi,Delhi,"Delhi, Delhi, India","Delhi, Kotwali Tehsil, Central Delhi, Delhi, 110006, India",28.6517178,77.2219388,38.15923883721523,618.4308838622189,1885.1610442175524
30,"ITO, Delhi - CPCB",Delhi,Delhi,"Delhi, Delhi, India","Delhi, Kotwali Tehsil, Central Delhi, Delhi, 110006, India",28.6517178,77.2219388,38.15923883721523,618.4308838622189,1885.1610442175524
31,"Jahangirpuri, Delhi - DPCC",Delhi,Delhi,"Delhi, Delhi, India","Delhi, Kotwali Tehsil, Central Delhi, Delhi, 110006, India",28.6517178,77.2219388,38.15923883721523,618.4308838622189,1885.1610442175524
32,"Jawaharlal Nehru Stadium, Delhi - DPCC",Delhi,Delhi,"Delhi, Delhi, India","Delhi, Kotwali Tehsil, Central Delhi, Delhi, 110006, India",28.6517178,77.2219388,38.15923883721523,618.4308838622189,1885.1610442175524
33,"Lodhi Road, Delhi - IMD",Delhi,Delhi,"Delhi, Delhi, India","Delhi, Kotwali Tehsil, Central Delhi, Delhi, 110006, India",28.6517178,77.2219388,38.15923883721523,618.4308838622189,1885.1610442175524
34,"Major Dhyan Chand National Stadium, Delhi - DPCC",Delhi,Delhi,"Delhi, Delhi, India","Delhi, Kotwali Tehsil, Central Delhi, Delhi, 110006, India",28.6517178,77.2219388,38.15923883721523,618.4308838622189,1885.1610442175524
35,"Mandir Marg, Delhi - DPCC",Delhi,Delhi,"Delhi, Delhi, India","Delhi, Kotwali Tehsil, Central Delhi, Delhi, 110006, India",28.6517178,77.2219388,38.15923883721523,618.4308838622189,1885.1610442175524
36,"Mundka, Delhi - DPCC",Delhi,Delhi,"Delhi, Delhi, India","Delhi, Kotwali Tehsil, Central Delhi, Delhi, 110006, India",28.6517178,77.2219388,38.15923883721523,618.4308838622189,1885.1610442175524
37,"NSIT Dwarka, Delhi - CPCB",Delhi,Delhi,"Delhi, Delhi, India","Delhi, Kotwali Tehsil, Central Delhi, Delhi, 110006, India",28.6517178,77.2219388,38.15923883721523,618.4308838622189,1885.1610442175524
38,"Najafgarh, Delhi - DPCC",Delhi,Delhi,"Delhi, Delhi, India","Delhi, Kotwali Tehsil, Central Delhi, Delhi, 110006, India",28.6517178,77.2219388,38.15923883721523,618.4308838622189,1885.1610442175524
39,"Narela, Delhi - DPCC",Delhi,Delhi,"Delhi, Delhi, India","Delhi, Kotwali Tehsil, Central Delhi, Delhi, 110006, India",28.6517178,77.2219388,38.15923883721523,618.4308838622189,1885.1610442175524
40,"Nehru Nagar, Delhi - DPCC",Delhi,Delhi,"Delhi, Delhi, India","Delhi, Kotwali Tehsil, Central Delhi, Delhi, 110006, India",28.6517178,77.2219388,38.15923883721523,618.4308838622189,1885.1610442175524
41,"North Campus, DU, Delhi - IMD",Delhi,Delhi,"Delhi, Delhi, India","Delhi, Kotwali Tehsil, Central Delhi, Delhi, 110006, India",28.6517178,77.2219388,38.15923883721523,618.4308838622189,1885.1610442175524
42,"Okhla Phase-2, Delhi - DPCC",Delhi,Delhi,"Delhi, Delhi, India","Delhi, Kotwali Tehsil, Central Delhi, Delhi, 110006, India",28.6517178,77.2219388,38.15923883721523,618.4308838622189,1885.1610442175524
43,"Patparganj, Delhi - DPCC",Delhi,Delhi,"Delhi, Delhi, India","Delhi, Kotwali Tehsil, Central Delhi, Delhi, 110006, India",28.6517178,77.2219388,38.15923883721523,618.4308838622189,1885.1610442175524
44,"Punjabi Bagh, Delhi - DPCC",Delhi,Delhi,"Delhi, Delhi, India","Delhi, Kotwali Tehsil, Central Delhi, Delhi, 110006, India",28.6517178,77.2219388,38.15923883721523,618.4308838622189,1885.1610442175524
45,"Pusa, Delhi - DPCC",Delhi,Delhi,"Delhi, Delhi, India","Delhi, Kotwali Tehsil, Central Delhi, Delhi, 110006, India",28.6517178,77.2219388,38.15923883721523,618.4308838622189,1885.1610442175524
46,"Pusa, Delhi - IMD",Delhi,Delhi,"Delhi, Delhi, India","Delhi, Kotwali Tehsil, Central Delhi, Delhi, 110006, India",28.6517178,77.2219388,38.15923883721523,618.4308838622189,1885.1610442175524
47,"R K Puram, Delhi - DPCC",Delhi,Delhi,"Delhi, Delhi, India","Delhi, Kotwali Tehsil, Central Delhi, Delhi, 110006, India",28.6517178,77.2219388,38.15923883721523,618.4308838622189,1885.1610442175524
48,"Rohini, Delhi - DPCC",Delhi,Delhi,"Delhi, Delhi, India","Delhi, Kotwali Tehsil, Central Delhi, Delhi, 110006, India",28.6517178,77.2219388,38.15923883721523,618.4308838622189,1885.1610442175524
49,"Shadipur, Delhi - CPCB",Delhi,Delhi,"Delhi, Delhi, India","Delhi, Kotwali Tehsil, Central Delhi, Delhi, 110006, India",28.6517178,77.2219388,38.15923883721523,618.4308838622189,1885.1610442175524
50,"Sirifort, Delhi - CPCB",Delhi,Delhi,"Delhi, Delhi, India","Delhi, Kotwali Tehsil, Central Delhi, Delhi, 110006, India",28.6517178,77.2219388,38.15923883721523,618.4308838622189,1885.1610442175524
51,"Sonia Vihar, Delhi - DPCC",Delhi,Delhi,"Delhi, Delhi, India","Delhi, Kotwali Tehsil, Central Delhi, Delhi, 110006, India",28.6517178,77.2219388,38.15923883721523,618.4308838622189,1885.1610442175524
52,"Sri Aurobindo Marg, Delhi - DPCC",Delhi,Delhi,"Delhi, Delhi, India","Delhi, Kotwali Tehsil, Central Delhi, Delhi, 110006, India",28.6517178,77.2219388,38.15923883721523,618.4308838622189,1885.1610442175524
53,"Vivek Vihar, Delhi - DPCC",Delhi,Delhi,"Delhi, Delhi, India","Delhi, Kotwali Tehsil, Central Delhi, Delhi, 110006, India",28.6517178,77.2219388,38.15923883721523,618.4308838622189,1885.1610442175524
54,"Wazirpur, Delhi - DPCC",Delhi,Delhi,"Delhi, Delhi, India","Delhi, Kotwali Tehsil, Central Delhi, Delhi, 110006, India",28.6517178,77.2219388,38.15923883721523,618.4308838622189,1885.1610442175524
55,"Maninagar, Ahmedabad - GPCB",Ahmedabad,Gujarat,"Ahmedabad, Gujarat, India","Ahmedabad, Gujarat, 380001, India",23.0215374,72.5800568,51.02614576207708,359.8826063227064,1291.2149494303749
56,"GIDC, Ankleshwar - GPCB",Ankleshwar,Gujarat,"Ankleshwar, Gujarat, India","Ankleshwar, Ankleshwar Taluka, Bharuch, Gujarat, India",21.6293206,72.9945103,7.334456750969766,912.1685876782012,866.5467264578826
57,"Sector-10, Gandhinagar - GPCB",Gandhinagar,Gujarat,"Gandhinagar, Gujarat, India","Gandhinagar, Gandhinagar Taluka, Gandhinagar, Gujarat, India",23.2232877,72.6492267,66.27026765717366,297.375196429727,2412.343533469761
58,"GIDC, Nandesari - Nandesari Ind. Association",Nandesari,Gujarat,"Nandesari, Gujarat, India","Nandesari, NH48, Vadodara Rural Taluka, Vadodara, Gujarat, 391350, India",22.4178037,73.0949186,33.10302022881256,2743.0730505743068,13.800497314013292
59,"Phase-1 GIDC, Vapi - GPCB",Vapi,Gujarat,"Vapi, Gujarat, India","Vapi, Daman Road, Vapi, Vapi Taluka, Valsad, Gujarat, 396191, India",20.3735482,72.9084376,15.335546831608994,1542.1242537726148,1022.757012161755
60,"Phase-4 GIDC, Vatva - GPCB",Vatva,Gujarat,"Vatva, Gujarat, India","Vatva, Vatva phase -2 road, Vatva Gidc, Vatva Taluka, Ahmedabad, Gujarat, 382445, India",22.9589978,72.6297981,11.454340744013722,1176.3023786536633,35.10636998849988
61,"Patti Mehar, Ambala - HSPCB",Ambala,Haryana,"Ambala, Haryana, India","Ambala, Ambala Cantt, Ambala, Haryana, 134002, India",30.3843674,76.770421,39.92666643622769,761.0079800425672,1471.549854763145
62,"Arya Nagar, Bahadurgarh - HSPCB",Bahadurgarh,Haryana,"Bahadurgarh, Haryana, India","Bahadurgarh, Jhajjar, Haryana, India",28.6609648,76.8346765,3.534755617905751,725.7641373349412,6814.363228485566
63,"Nathu Colony, Ballabgarh - HSPCB",Ballabgarh,Haryana,"Ballabgarh, Haryana, India","Ballabgarh, Faridabad, Haryana, India",28.2940728,77.3592238,39.48170715116679,1903.0992936423468,4108.902588587184
64,"H.B. Colony, Bhiwani - HSPCB",Bhiwani,Haryana,"Bhiwani, Haryana, India","Bhiwani, Haryana, 125021, India",28.7931703,76.1391283,2.4389451097857004,258.92258273580086,1277.1985853930275
65,"Municipal Corporation Office, Dharuhera - HSPCB",Dharuhera,Haryana,"Dharuhera, Haryana, India","Dharuhera, Rewari, Haryana, 123106, India",28.2055216,76.7953099,10.057636792107855,3127.936765154635,531.3712434369791
66,"New Industrial Town, Faridabad - HSPCB",Faridabad,Haryana,"Faridabad, Haryana, India","Faridabad, Haryana, 121001, India",28.4031478,77.3105561,46.83757280147493,823.8190338509108,1287.572048645254
67,"Sector 11, Faridabad - HSPCB",Faridabad,Haryana,"Faridabad, Haryana, India","Faridabad, Haryana, 121001, India",28.4031478,77.3105561,46.83757280147493,823.8190338509108,1287.572048645254
68,"Sector 30, Faridabad - HSPCB",Faridabad,Haryana,"Faridabad, Haryana, India","Faridabad, Haryana, 121001, India",28.4031478,77.3105561,46.83757280147493,823.8190338509108,1287.572048645254
69,"Sector- 16A, Faridabad - HSPCB",Faridabad,Haryana,"Faridabad, Haryana, India","Faridabad, Haryana, 121001, India",28.4031478,77.3105561,46.83757280147493,823.8190338509108,1287.572048645254
70,"Huda Sector, Fatehabad - HSPCB",Fatehabad,Haryana,"Fatehabad, Haryana, India","Fatehabad, Haryana, India",29.5359209,75.5752901,195.11751226318495,2597.726501370436,10064.249980862553
71,"NISE Gwal Pahari, Gurugram - IMD",Gurugram,Haryana,"Gurugram, Haryana, India","Gurugram, Haryana, India",28.4646148,77.0299194,22.767007810485932,920.6391137409985,2459.9117959820674
72,"Sector-51, Gurugram - HSPCB",Gurugram,Haryana,"Gurugram, Haryana, India","Gurugram, Haryana, India",28.4646148,77.0299194,22.767007810485932,920.6391137409985,2459.9117959820674
73,"Teri Gram, Gurugram - HSPCB",Gurugram,Haryana,"Gurugram, Haryana, India","Gurugram, Haryana, India",28.4646148,77.0299194,22.767007810485932,920.6391137409985,2459.9117959820674
74,"Vikas Sadan, Gurugram - HSPCB",Gurugram,Haryana,"Gurugram, Haryana, India","Gurugram, Haryana, India",28.4646148,77.0299194,22.767007810485932,920.6391137409985,2459.9117959820674
75,"Urban Estate-II, Hisar - HSPCB",Hisar,Haryana,"Hisar, Haryana, India","Hisar, Haryana, India",29.2396596,75.8174505,49.11381664445305,7168.342019167568,11013.080756829122
76,"Police Lines, Jind - HSPCB",Jind,Haryana,"Jind, Haryana, India","Jind, Haryana, 126100, India",29.3152073,76.314082,37.68168255612054,361.24066149250234,2049.8868963524415
77,"Rishi Nagar, Kaithal - HSPCB",Kaithal,Haryana,"Kaithal, Haryana, India","Kaithal, Haryana, 132027, India",29.7996588,76.3989903,154.88061640940523,42.371628976947406,1845.1256446778411
78,"Sector-12, Karnal - HSPCB",Karnal,Haryana,"Karnal, Haryana, India","Karnal, Haryana, India",29.7255766,76.9106924,12.498476719587822,2877.521861252338,6035.940639707883
79,"Sector-7, Kurukshetra - HSPCB",Kurukshetra,Haryana,"Kurukshetra, Haryana, India","Kurukshetra, Thanesar, Kurukshetra, Haryana, 132118, India",29.9693747,76.8482787,1.1701058310410641,1308.543058722586,1082.619605721106
80,"General Hospital, Mandikhera - HSPCB",Mandikhera,Haryana,"Mandikhera, Haryana, India","Mandikhera, Ferozepur Jhirka, Nuh, Haryana, 122008, India",27.897075,76.9922014,5000.0,15000.0,30000.0
81,"Sector-2 IMT, Manesar - HSPCB",Manesar,Haryana,"Manesar, Haryana, India","Manesar, Gurugram, Haryana, India",28.3247096,76.9263787,1135.3006013367274,943.6559142126508,4137.154497306762
82,"Shastri Nagar, Narnaul - HSPCB",Narnaul,Haryana,"Narnaul, Haryana, India","Narnaul, Mahendragarh, Haryana, 123001, India",28.0438456,76.1062015,6.322722359561894,1098.7921092938773,906.6808803779958
83,"Shyam Nagar, Palwal - HSPCB",Palwal,Haryana,"Palwal, Haryana, India","Palwal, Haryana, India",28.0599426,77.3223422,141.50326714442957,1408.6288939228546,3168.513872121928
84,"Sector-6, Panchkula - HSPCB",Panchkula,Haryana,"Panchkula, Haryana, India","Panchkula, Haryana, 134109, India",30.6975401,76.8551066,200.56540206764575,484.4670781012818,2617.8084238941374
85,"Sector-18, Panipat - HSPCB",Panipat,Haryana,"Panipat, Haryana, India","Panipat, Haryana, 132100, India",29.3912753,76.9771675,21.164291384627383,1993.9838463758779,1773.7329676429804
86,"MD University, Rohtak - HSPCB",Rohtak,Haryana,"Rohtak, Haryana, India","Rohtak, Haryana, 124001, India",28.9010899,76.5801935,9.510800072662025,916.5812408015257,3164.343608416387
87,"F-Block, Sirsa - HSPCB",Sirsa,Haryana,"Sirsa, Haryana, India","Sirsa, Haryana, India",29.6063041,74.9036568,221.0384543446829,5147.857935451958,11944.359571799203
88,"Murthal, Sonipat - HSPCB",Sonipat,Haryana,"Sonipat, Haryana, India","Sonipat, Haryana, 131001, India",28.9953758,77.0233627,20.391688154343168,9751.512542752349,1722.2581612987738
89,"Gobind Pura, Yamuna Nagar - HSPCB",Yamuna Nagar,Haryana,"Yamuna Nagar, Haryana, India","MLGH Trauma Centre Yamuna Nagar Blood Bank, Gobindpuri Road, Yamunanagar, Jagadhri, Yamunanagar, Haryana, 135001, India",30.1389108,77.301064,78.62113941182723,1588.4094533085538,2070.407260673761
90,"Tata Stadium, Jorapokhar - JSPCB",Jorapokhar,Jharkhand,"Jorapokhar, Jharkhand, India","Jorapokhar, Jharia, Jharia-Cum-Jorapokhar-Cum-Sindri, Dhanbad, Jharkhand, 828111, India",23.7167069,86.4110166,11.047290480460122,2381.093325743904,1949.1759152271866
91,"Vidayagiri, Bagalkot - KSPCB",Bagalkot,Karnataka,"Bagalkot, Karnataka, India","Bagalkot, Station Road, Bagalkote, Bagalakote taluk, Bagalkote, Karnataka, 587103, India",16.1793224,75.6999315,44.27331792997936,2061.9280755421883,1808.743567526252
92,"BTM Layout, Bengaluru - CPCB",Bengaluru,Karnataka,"Bengaluru, Karnataka, India","Bengaluru, Bangalore North, Bengaluru Urban, Karnataka, India",12.9881567,77.6226,57.60147553725804,89.44091161270937,120.91499473359302
93,"BWSSB Kadabesanahalli, Bengaluru - CPCB",Bengaluru,Karnataka,"Bengaluru, Karnataka, India","Bengaluru, Bangalore North, Bengaluru Urban, Karnataka, India",12.9881567,77.6226,57.60147553725804,89.44091161270937,120.91499473359302
94,"Bapuji Nagar, Bengaluru - KSPCB",Bengaluru,Karnataka,"Bengaluru, Karnataka, India","Bengaluru, Bangalore North, Bengaluru Urban, Karnataka, India",12.9881567,77.6226,57.60147553725804,89.44091161270937,120.91499473359302
95,"City Railway Station, Bengaluru - KSPCB",Bengaluru,Karnataka,"Bengaluru, Karnataka, India","Bengaluru, Bangalore North, Bengaluru Urban, Karnataka, India",12.9881567,77.6226,57.60147553725804,89.44091161270937,120.91499473359302
96,"Hebbal, Bengaluru - KSPCB",Bengaluru,Karnataka,"Bengaluru, Karnataka, India","Bengaluru, Bangalore North, Bengaluru Urban, Karnataka, India",12.9881567,77.6226,57.60147553725804,89.44091161270937,120.91499473359302
97,"Hombegowda Nagar, Bengaluru - KSPCB",Bengaluru,Karnataka,"Bengaluru, Karnataka, India","Bengaluru, Bangalore North, Bengaluru Urban, Karnataka, India",12.9881567,77.6226,57.60147553725804,89.44091161270937,120.91499473359302
98,"Jayanagar 5th Block, Bengaluru - KSPCB",Bengaluru,Karnataka,"Bengaluru, Karnataka, India","Bengaluru, Bangalore North, Bengaluru Urban, Karnataka, India",12.9881567,77.6226,57.60147553725804,89.44091161270937,120.91499473359302
99,"Peenya, Bengaluru - CPCB",Bengaluru,Karnataka,"Bengaluru, Karnataka, India","Bengaluru, Bangalore North, Bengaluru Urban, Karnataka, India",12.9881567,77.6226,57.60147553725804,89.44091161270937,120.91499473359302
100,"Sanegurava Halli, Bengaluru - KSPCB",Bengaluru,Karnataka,"Bengaluru, Karnataka, India","Bengaluru, Bangalore North, Bengaluru Urban, Karnataka, India",12.9881567,77.6226,57.60147553725804,89.44091161270937,120.91499473359302
101,"Silk Board, Bengaluru - KSPCB",Bengaluru,Karnataka,"Bengaluru, Karnataka, India","Bengaluru, Bangalore North, Bengaluru Urban, Karnataka, India",12.9881567,77.6226,57.60147553725804,89.44091161270937,120.91499473359302
102,"Urban, Chamarajanagar - KSPCB",Chamarajanagar,Karnataka,"Chamarajanagar, Karnataka, India","Chamarajanagar, Karnataka, India",11.95442,77.1069086,5000.0,15000.0,30000.0
103,"Chikkaballapur Rural, Chikkaballapur - KSPCB",Chikkaballapur,Karnataka,"Chikkaballapur, Karnataka, India","Nelamangala - Chikkaballapur Highway, Nelamangala, Nelamangala taluk, Bengaluru Rural, Karnataka, 562123, India",13.0993764,77.388729,0.0027004163072093354,567.8689581842416,1717.0139977420442
104,"Kalyana Nagara, Chikkamagaluru - KSPCB",Chikkamagaluru,Karnataka,"Chikkamagaluru, Karnataka, India","Chikkamagaluru, Karnataka, India",13.4058699,75.638758,600.7520615501182,5986.736979909078,18862.677761368603
105,"Deshpande Nagar, Hubballi - KSPCB",Hubballi,Karnataka,"Hubballi, Karnataka, India","Hubballi, Hubballi Urban Taluku, Dharwad, Karnataka, 580020, India",15.3518378,75.1379848,34.6040739397196,2038.2584938888865,367.234540677653
106,"Lal Bahadur Shastri Nagar, Kalaburagi - KSPCB",Kalaburagi,Karnataka,"Kalaburagi, Karnataka, India","Kalaburagi, Karnataka, India",17.2408957,76.7697439,440.42637032467,8734.369823708039,3284.6176573255175
107,"Hebbal 1st Stage, Mysuru - KSPCB",Mysuru,Karnataka,"Mysuru, Karnataka, India","Mysuru, Mysuru taluk, Mysuru, Karnataka, 570001, India",12.3041464,76.6529521,51.87844863193671,443.9865597157485,2072.1041998698743
108,"Vijay Nagar, Ramanagara - KSPCB",Ramanagara,Karnataka,"Ramanagara, Karnataka, India","Ramanagara, Karnataka, India",12.720006,77.3184199,355.60217815618313,1588.181972380814,3053.82112164612
109,"Ibrahimpur, Vijayapura - KSPCB",Vijayapura,Karnataka,"Vijayapura, Karnataka, India","Vijayapura, Karnataka, India",16.814415,75.8933856,234.2030940591959,132.8619871723899,13261.920354763419
110,"Collector Office, Yadgir - KSPCB",Yadgir,Karnataka,"Yadgir, Karnataka, India","Yadgir, Karnataka, India",16.5744123,76.9254434,532.6497321350627,6505.1301272987175,6256.899230587158
111,"Udyogamandal, Eloor - Kerala PCB",Eloor,Kerala,"Eloor, Kerala, India","Eloor, Paravur, Ernakulam, Kerala, 683501, India",10.0669964,76.2989276,3.140001216005597,247.63488037844104,174.3100585626844
112,"Kacheripady, Ernakulam - Kerala PCB",Ernakulam,Kerala,"Ernakulam, Kerala, India","Ernakulam, Kanayannur, Ernakulam, Kerala, 682035, India",9.9837257,76.2740001,5.637074002598356,98.59138763704699,341.5159770626461
113,"Thavakkara, Kannur - Kerala PCB",Kannur,Kerala,"Kannur, Kerala, India","Kannur, Kerala, India",11.8763836,75.3737973,6.408647182988292,509.09809661887044,901.8313837117729
114,"Vyttila, Kochi - Kerala PCB",Kochi,Kerala,"Kochi, Kerala, India","Kochi, Ernakulam, Kerala, 682001, India",9.9679032,76.2444378,3.875599888138225,86.87695356203031,329.641273259879
115,"Polayathode, Kollam - Kerala PCB",Kollam,Kerala,"Kollam, Kerala, India","Kollam, Kerala, 691001, India",8.8870815,76.5907017,18.57306093797939,626.411552240125,164.80535375172863
116,"Palayam, Kozhikode - Kerala PCB",Kozhikode,Kerala,"Kozhikode, Kerala, India","Kozhikode, Kerala, 673001, India",11.2450558,75.7754716,5.888814168600165,15.804142379585757,507.59391029040273
117,"Kariavattom, Thiruvananthapuram - Kerala PCB",Thiruvananthapuram,Kerala,"Thiruvananthapuram, Kerala, India","Thiruvananthapuram, Kerala, 695001, India",8.4882267,76.947551,3.5832440125720475,409.09973326986784,438.14954766562715
118,"Plammoodu, Thiruvananthapuram - Kerala PCB",Thiruvananthapuram,Kerala,"Thiruvananthapuram, Kerala, India","Thiruvananthapuram, Kerala, 695001, India",8.4882267,76.947551,3.5832440125720475,409.09973326986784,438.14954766562715
119,"T T Nagar, Bhopal - MPPCB",Bhopal,Madhya Pradesh,"Bhopal, Madhya Pradesh, India","Bhopal, Huzur Tahsil, Bhopal, Madhya Pradesh, 462001, India",23.2584857,77.401989,10.616265081808887,692.4194625301365,2267.916499225376
120,"Shrivastav Colony, Damoh - MPPCB",Damoh,Madhya Pradesh,"Damoh, Madhya Pradesh, India","Damoh, Madhya Pradesh, India",23.7981005,79.5419356,355.6827909431163,2090.6012399031183,14712.983778826323
121,"Bhopal Chauraha, Dewas - MPPCB",Dewas,Madhya Pradesh,"Dewas, Madhya Pradesh, India","Dewas, Madhya Pradesh, India",22.8057498,76.2940408,385.055829958815,6906.8195597393715,25178.911630308477
122,"City Center, Gwalior - MPPCB",Gwalior,Madhya Pradesh,"Gwalior, Madhya Pradesh, India","Gwalior, Gird Tahsil, Gwalior, Madhya Pradesh, 474001, India",26.2037247,78.1573628,17.32559420083755,1012.8883984614129,3333.9894394481908
123,"Phool Bagh, Gwalior - Mondelez Ind. Food",Gwalior,Madhya Pradesh,"Gwalior, Madhya Pradesh, India","Gwalior, Gird Tahsil, Gwalior, Madhya Pradesh, 474001, India",26.2037247,78.1573628,17.32559420083755,1012.8883984614129,3333.9894394481908
124,"Chhoti Gwaltoli, Indore - MPPCB",Indore,Madhya Pradesh,"Indore, Madhya Pradesh, India","Indore, Juni Indore Tahsil, Indore, Madhya Pradesh, 452001, India",22.7203616,75.8681996,26.783587182279913,2819.5737480648263,440.2535136524196
125,"Marhatal, Jabalpur - MPPCB",Jabalpur,Madhya Pradesh,"Jabalpur, Madhya Pradesh, India","Jabalpur, Ranjhi Tahsil, Jabalpur, Madhya Pradesh, India",23.1701522,79.9324505,73.05324338850149,1000.1544066522924,2440.174513722024
126,"Gole Bazar, Katni - MPPCB",Katni,Madhya Pradesh,"Katni, Madhya Pradesh, India","Katni, Madhya Pradesh, India",23.7176393,80.2610181,5000.0,15000.0,30000.0
127,"Sahilara, Maihar - KJS Cements",Maihar,Madhya Pradesh,"Maihar, Madhya Pradesh, India","Maihar, Maihar Tahsil, Maihar, Madhya Pradesh, India",24.260444,80.7592749,61.21046181114994,451.8222796060641,4044.5742277921217
128,"Sector-D Industrial Area, Mandideep - MPPCB",Mandideep,Madhya Pradesh,"Mandideep, Madhya Pradesh, India","Mandideep, NH46, Mandideep, Goharganj Tahsil, Raisen, Madhya Pradesh, 462046, India",23.093838,77.5114296,74.531973485258,7339.499389750618,643.5276199065567
129,"Sector-2 Industrial Area, Pithampur - MPPCB",Pithampur,Madhya Pradesh,"Pithampur, Madhya Pradesh, India","Pithampur, Pithampur Tahsil, Dhar, Madhya Pradesh, 454775, India",22.6105576,75.6790283,23.787625665115918,2865.420331384999,112.79191598136273
130,"Shasthri Nagar, Ratlam - IPCA Lab",Ratlam,Madhya Pradesh,"Ratlam, Madhya Pradesh, India","Ratlam, Madhya Pradesh, India",23.50222,74.9551534,634.6575523963966,2563.5747557265404,5980.165091033747
131,"Deen Dayal Nagar, Sagar - MPPCB",Sagar,Madhya Pradesh,"Sagar, Madhya Pradesh, India","Sagar, Madhya Pradesh, India",23.8083076,78.758254,38.05049014962238,1943.1711539983871,8090.587175889364
132,"Bandhavgar Colony, Satna - Birla Cement",Satna,Madhya Pradesh,"Satna, Madhya Pradesh, India","Satna, Madhya Pradesh, India",24.6954445,80.7770348,166.00980120233888,11358.97190810665,9928.083298275078
133,"Vindhyachal STPS, Singrauli - MPPCB",Singrauli,Madhya Pradesh,"Singrauli, Madhya Pradesh, India","Singrauli, Madhya Pradesh, India",24.2431343,82.3827672,760.0220037362045,4439.246743124592,5053.478699416677
134,"Mahakaleshwar Temple, Ujjain - MPPCB",Ujjain,Madhya Pradesh,"Ujjain, Madhya Pradesh, India","Ujjain, Ujjain NagarTahsil, Ujjain, Madhya Pradesh, 456001, India",23.1885131,75.7716562,15.5822742047909,695.6973029629679,1221.1454710577925
135,"More Chowk Waluj, Aurangabad - MPCB",Aurangabad,Maharashtra,"Aurangabad, Maharashtra, India","Chhatrapati Sambhaji Nagar, Chhatrapati Sambhajinagar, Maharashtra, 431002, India",19.877263,75.3390241,24.531057837655553,2389.3971014265144,1130.4260744899184
136,"Chandrapur, Chandrapur - MPCB",Chandrapur,Maharashtra,"Chandrapur, Maharashtra, India","Chandrapur, Maharashtra, India",20.0967555,79.5045475,252.15802834678937,5540.193527519985,11317.137001826304
137,"MIDC Khutala, Chandrapur - MPCB",Chandrapur,Maharashtra,"Chandrapur, Maharashtra, India","Chandrapur, Maharashtra, India",20.0967555,79.5045475,252.15802834678937,5540.193527519985,11317.137001826304
138,"Khadakpada, Kalyan - MPCB",Kalyan,Maharashtra,"Kalyan, Maharashtra, India","Kalyan, Kalyan-Dombivli, Kalyan Taluka, Thane, Maharashtra, India",19.2396742,73.1366482,15.622788580856627,741.0604904428654,757.811165688525
139,"Bandra, Mumbai - MPCB",Mumbai,Maharashtra,"Mumbai, Maharashtra, India","Mumbai Suburban, Maharashtra, India",19.054999,72.8692035,24.994108731242658,140.03111947197812,54.061640589065526
140,"Borivali East, Mumbai - MPCB",Mumbai,Maharashtra,"Mumbai, Maharashtra, India","Mumbai Suburban, Maharashtra, India",19.054999,72.8692035,24.994108731242658,140.03111947197812,54.061640589065526
141,"Chhatrapati Shivaji Intl. Airport (T2), Mumbai - MPCB",Mumbai,Maharashtra,"Mumbai, Maharashtra, India","Mumbai Suburban, Maharashtra, India",19.054999,72.8692035,24.994108731242658,140.03111947197812,54.061640589065526
142,"Colaba, Mumbai - MPCB",Mumbai,Maharashtra,"Mumbai, Maharashtra, India","Mumbai Suburban, Maharashtra, India",19.054999,72.8692035,24.994108731242658,140.03111947197812,54.061640589065526
143,"Kurla, Mumbai - MPCB",Mumbai,Maharashtra,"Mumbai, Maharashtra, India","Mumbai Suburban, Maharashtra, India",19.054999,72.8692035,24.994108731242658,140.03111947197812,54.061640589065526
144,"Powai, Mumbai - MPCB",Mumbai,Maharashtra,"Mumbai, Maharashtra, India","Mumbai Suburban, Maharashtra, India",19.054999,72.8692035,24.994108731242658,140.03111947197812,54.061640589065526
145,"Sion, Mumbai - MPCB",Mumbai,Maharashtra,"Mumbai, Maharashtra, India","Mumbai Suburban, Maharashtra, India",19.054999,72.8692035,24.994108731242658,140.03111947197812,54.061640589065526
146,"Vasai West, Mumbai - MPCB",Mumbai,Maharashtra,"Mumbai, Maharashtra, India","Mumbai Suburban, Maharashtra, India",19.054999,72.8692035,24.994108731242658,140.03111947197812,54.061640589065526
147,"Vile Parle West, Mumbai - MPCB",Mumbai,Maharashtra,"Mumbai, Maharashtra, India","Mumbai Suburban, Maharashtra, India",19.054999,72.8692035,24.994108731242658,140.03111947197812,54.061640589065526
148,"Worli, Mumbai - MPCB",Mumbai,Maharashtra,"Mumbai, Maharashtra, India","Mumbai Suburban, Maharashtra, India",19.054999,72.8692035,24.994108731242658,140.03111947197812,54.061640589065526
149,"Opp GPO Civil Lines, Nagpur - MPCB",Nagpur,Maharashtra,"Nagpur, Maharashtra, India","Nagpur City, Nagpur Urban Taluka, Nagpur, Maharashtra, India",21.1498134,79.0820556,126.37960121345726,1108.7429427393447,1034.9141172919142
150,"Gangapur Road, Nashik - MPCB",Nashik,Maharashtra,"Nashik, Maharashtra, India","Nashik, Nashik Taluka, Nashik, Maharashtra, 422001, India",20.0112475,73.7902364,43.6505552786479,146.21660963388786,1829.814070377911
151,"Airoli, Navi Mumbai - MPCB",Navi Mumbai,Maharashtra,"Navi Mumbai, Maharashtra, India","Navi Mumbai, Thane Taluka, Thane, Maharashtra, India",19.0308262,73.0198537,79.80909923466261,107.38427966758074,1528.8535190985576
152,"Mahape, Navi Mumbai - MPCB",Navi Mumbai,Maharashtra,"Navi Mumbai, Maharashtra, India","Navi Mumbai, Thane Taluka, Thane, Maharashtra, India",19.0308262,73.0198537,79.80909923466261,107.38427966758074,1528.8535190985576
153,"Nerul, Navi Mumbai - MPCB",Navi Mumbai,Maharashtra,"Navi Mumbai, Maharashtra, India","Navi Mumbai, Thane Taluka, Thane, Maharashtra, India",19.0308262,73.0198537,79.80909923466261,107.38427966758074,1528.8535190985576
154,"Karve Road, Pune - MPCB",Pune,Maharashtra,"Pune, Maharashtra, India","Pune City, Pune, Maharashtra, India",18.5213738,73.8545071,26.210763395916967,50.99718701190064,1434.8842358657332
155,"Solapur, Solapur - MPCB",Solapur,Maharashtra,"Solapur, Maharashtra, India","Solapur, Maharashtra, India",17.8499067,75.2763203,38.847253068478935,44.77270246669304,4450.032250496493
156,"Pimpleshwar Mandir, Thane - MPCB",Thane,Maharashtra,"Thane, Maharashtra, India","Thane, Thane Taluka, Thane, Maharashtra, India",19.1943294,72.9701779,32.093169387166775,238.8024223144909,782.046248575186
157,"Lumpyngngad, Shillong - Meghalaya PCB",Shillong,Meghalaya,"Shillong, Meghalaya, India","Shillong, Police Bazar Road, Mawkhar, Shillong, Mylliem, East Khasi Hills, Meghalaya, 793001, India",25.5760446,91.8825282,8.28492278634918,309.2618686245854,3714.417390148721
158,"Sikulpuikawn, Aizawl - Mizoram PCB",Aizawl,Mizoram,"Aizawl, Mizoram, India","Aizawl, Tlangnuam, Aizawl, Mizoram, 796190, India",23.7433532,92.7382756,5000.0,15000.0,30000.0
159,"GM Office, Brajrajnagar - OSPCB",Brajrajnagar,Odisha,"Brajrajnagar, Odisha, India","Community Health Centre, Brajrajnagar, Bilaspur - Kharagpur Highway, Orient, Jharsuguda, Odisha, 768216, India",21.8498594,83.9254698,47.05787339264442,2133.022908210025,4027.792519659816
160,"Talcher Coalfields,Talcher - OSPCB",Talcher,Odisha,"Talcher, Odisha, India","Talcher, Angul - Talcher Road, Talcher, Colliery, Angul, Odisha, 759100, India",20.9322302,85.2005822,42.63835557038958,955.1046866201764,1937.460011443622
161,"Golden Temple, Amritsar - PPCB",Amritsar,Punjab,"Amritsar, Punjab, India","Amritsar, Amritsar I Tahsil, Amritsar, Punjab, 143001, India",31.6356659,74.8787496,4.785131947367158,1407.103518274332,1534.8649693688837
162,"Hardev Nagar, Bathinda - PPCB",Bathinda,Punjab,"Bathinda, Punjab, India","Bathinda, Punjab, India",30.1794813,75.0471098,957.8690166901316,1061.6437397290792,5775.710935397838
163,"Civil Line, Jalandhar - PPCB",Jalandhar,Punjab,"Jalandhar, Punjab, India","Jalandhar, Punjab, India",31.2922311,75.5678878,33.523566300630165,3154.252865441609,1424.3205276857639
164,"Kalal Majra, Khanna - PPCB",Khanna,Punjab,"Khanna, Punjab, India","Khanna, Khanna Tahsil, Ludhiana, Punjab, 141401, India",30.700625,76.2220763,14.34049520442913,334.80125200575134,1652.1936874564858
165,"Punjab Agricultural University, Ludhiana - PPCB",Ludhiana,Punjab,"Ludhiana, Punjab, India","Ludhiana, Ludhiana (West) Tahsil, Ludhiana, Punjab, 141001, India",30.9090157,75.851601,3.8273478411890047,7330.917072694087,1388.4273521030232
166,"RIMT University, Mandi Gobindgarh - PPCB",Gobindgarh,Punjab,"Gobindgarh, Punjab, India","Gobindgarh, Ludhiana (East) Tahsil, Ludhiana, Punjab, 141017, India",30.8613538,75.9461613,17.37770947303548,3555.325422151613,624.1842785847736
167,"Model Town, Patiala - PPCB",Patiala,Punjab,"Patiala, Punjab, India","Patiala, Punjab, India",30.2092777,76.3397231,222.55183240199705,2066.728092407819,5549.858878582834
168,"Ratanpura, Rupnagar - Ambuja Cements",Rupnagar,Punjab,"Rupnagar, Punjab, India","Rupnagar, Punjab, India",31.0917102,76.5289701,547.7571837917259,3902.293711815037,5624.392290827311
169,"Moti Doongri, Alwar - RSPCB",Alwar,Rajasthan,"Alwar, Rajasthan, India","Alwar, Rajasthan, India",27.4140048,76.6170387,91.08718906349901,9570.171671099759,12377.835566711225
170,"Civil Lines, Ajmer - RSPCB",Ajmer,Rajasthan,"Ajmer, Rajasthan, India","Ajmer, Ajmer Tehsil, Ajmer, Rajasthan, India",26.4691,74.639,25.832579476291166,772.5191456008176,2341.4970941275656
172,"Adarsh Nagar, Jaipur - RSPCB",Jaipur,Rajasthan,"Jaipur, Rajasthan, India","Jaipur, Jaipur Municipal Corporation, Jaipur Tehsil, Jaipur, Rajasthan, 302001, India",26.9154576,75.8189817,93.26117101210188,1703.8569498519118,2804.514687153796
173,"Police Commissionerate, Jaipur - RSPCB",Jaipur,Rajasthan,"Jaipur, Rajasthan, India","Jaipur, Jaipur Municipal Corporation, Jaipur Tehsil, Jaipur, Rajasthan, 302001, India",26.9154576,75.8189817,93.26117101210188,1703.8569498519118,2804.514687153796
174,"Shastri Nagar, Jaipur - RSPCB",Jaipur,Rajasthan,"Jaipur, Rajasthan, India","Jaipur, Jaipur Municipal Corporation, Jaipur Tehsil, Jaipur, Rajasthan, 302001, India",26.9154576,75.8189817,52.87704715700189,393.2102774179766,2124.641151832848
175,"Collectorate, Jodhpur - RSPCB",Jodhpur,Rajasthan,"Jodhpur, Rajasthan, India","Jodhpur, Jodhpur Tehsil, Jodhpur, Rajasthan, India",26.2967719,73.0351433,1.9586665813740345,44.300029695044785,485.2279881238815
176,"Shrinath Puram, Kota - RSPCB",Kota,Rajasthan,"Kota, Rajasthan, India","Kota, Ladpura Tehsil, Kota, Rajasthan, 324001, India",25.1737019,75.8574194,5000.0,15000.0,30000.0
177,"Indira Colony Vistar, Pali - RSPCB",Pali,Rajasthan,"Pali, Rajasthan, India","Pali, Rajasthan, India",25.455221,73.419389,14.91635848045099,432.6975663798564,2788.012923835391
178,"Ashok Nagar, Udaipur - RSPCB",Udaipur,Rajasthan,"Udaipur, Rajasthan, India","Udaipur, Girwa Tehsil, Udaipur, Rajasthan, 313001, India",24.578721,73.6862571,28.318055976225345,418.44301750568417,405.7078976930687
179,"Alandur Bus Depot, Chennai - CPCB",Chennai,Tamil Nadu,"Chennai, Tamil Nadu, India","Chennai, Tamil Nadu, 600001, India",13.0836939,80.270186,28.318055976225345,418.44301750568417,405.7078976930687
180,"Manali Village, Chennai - TNPCB",Chennai,Tamil Nadu,"Chennai, Tamil Nadu, India","Chennai, Tamil Nadu, 600001, India",13.0836939,80.270186,28.318055976225345,418.44301750568417,405.7078976930687
181,"Manali, Chennai - CPCB",Chennai,Tamil Nadu,"Chennai, Tamil Nadu, India","Chennai, Tamil Nadu, 600001, India",13.0836939,80.270186,28.318055976225345,418.44301750568417,405.7078976930687
182,"Velachery Res. Area, Chennai - CPCB",Chennai,Tamil Nadu,"Chennai, Tamil Nadu, India","Chennai, Tamil Nadu, 600001, India",13.0836939,80.270186,16.090123239429772,1148.1989381008887,0.0
183,"SIDCO Kurichi, Coimbatore - TNPCB",Coimbatore,Tamil Nadu,"Coimbatore, Tamil Nadu, India","Coimbatore, Coimbatore North, Coimbatore, Tamil Nadu, 641001, India",11.0018115,76.9628425,35.982299691203636,313.9876687714141,1408.9036037363087
184,"Bollaram Industrial Area, Hyderabad - TSPCB",Hyderabad,Telangana,"Hyderabad, Telangana, India","Hyderabad, Bahadurpura mandal, Hyderabad, Telangana, India",17.360589,78.4740613,35.982299691203636,313.9876687714141,1408.9036037363087
185,"Central University, Hyderabad - TSPCB",Hyderabad,Telangana,"Hyderabad, Telangana, India","Hyderabad, Bahadurpura mandal, Hyderabad, Telangana, India",17.360589,78.4740613,35.982299691203636,313.9876687714141,1408.9036037363087
186,"ICRISAT Patancheru, Hyderabad - TSPCB",Hyderabad,Telangana,"Hyderabad, Telangana, India","Hyderabad, Bahadurpura mandal, Hyderabad, Telangana, India",17.360589,78.4740613,35.982299691203636,313.9876687714141,1408.9036037363087
187,"IDA Pashamylaram, Hyderabad - TSPCB",Hyderabad,Telangana,"Hyderabad, Telangana, India","Hyderabad, Bahadurpura mandal, Hyderabad, Telangana, India",17.360589,78.4740613,35.982299691203636,313.9876687714141,1408.9036037363087
188,"Sanathnagar, Hyderabad - TSPCB",Hyderabad,Telangana,"Hyderabad, Telangana, India","Hyderabad, Bahadurpura mandal, Hyderabad, Telangana, India",17.360589,78.4740613,35.982299691203636,313.9876687714141,1408.9036037363087
189,"Zoo Park, Hyderabad - TSPCB",Hyderabad,Telangana,"Hyderabad, Telangana, India","Hyderabad, Bahadurpura mandal, Hyderabad, Telangana, India",17.360589,78.4740613,54.17038481122435,1537.4005024264357,1419.2867786087334
190,"Sanjay Palace, Agra - UPPCB",Agra,Uttar Pradesh,"Agra, Uttar Pradesh, India","Agra, Uttar Pradesh, India",27.1752554,78.0098161,172.09414498633438,9850.28467331405,10041.418112419344
191,"New Collectorate, Baghpat - UPPCB",Baghpat,Uttar Pradesh,"Baghpat, Uttar Pradesh, India","Baghpat, Uttar Pradesh, India",29.0374779,77.3062737,132.544366199768,15093.167059878338,10470.380943612614
192,"Yamunapuram, Bulandshahr - UPPCB",Bulandshahr,Uttar Pradesh,"Bulandshahr, Uttar Pradesh, India","Bulandshahr, Uttar Pradesh, India",28.3874073,77.9743805,38.910053248888644,848.2565730673563,1644.0454409060917
193,"Indirapuram, Ghaziabad - UPPCB",Ghaziabad,Uttar Pradesh,"Ghaziabad, Uttar Pradesh, India","Ghaziabad, Uttar Pradesh, India",28.7749966,77.4586967,38.910053248888644,848.2565730673563,1644.0454409060917
194,"Loni, Ghaziabad - UPPCB",Ghaziabad,Uttar Pradesh,"Ghaziabad, Uttar Pradesh, India","Ghaziabad, Uttar Pradesh, India",28.7749966,77.4586967,38.910053248888644,848.2565730673563,1644.0454409060917
195,"Sanjay Nagar, Ghaziabad - UPPCB",Ghaziabad,Uttar Pradesh,"Ghaziabad, Uttar Pradesh, India","Ghaziabad, Uttar Pradesh, India",28.7749966,77.4586967,38.910053248888644,848.2565730673563,1644.0454409060917
196,"Vasundhara, Ghaziabad - UPPCB",Ghaziabad,Uttar Pradesh,"Ghaziabad, Uttar Pradesh, India","Ghaziabad, Uttar Pradesh, India",28.7749966,77.4586967,314.24255590778205,78.357209473964,1419.7950158534047
197,"Knowledge Park - III, Greater Noida - UPPCB",Greater Noida,Uttar Pradesh,"Greater Noida, Uttar Pradesh, India","Greater Noida, Gautam Buddha Nagar, Uttar Pradesh, 201310, India",28.4670734,77.5137649,314.24255590778205,78.357209473964,1419.7950158534047
198,"Knowledge Park - V, Greater Noida - UPPCB",Greater Noida,Uttar Pradesh,"Greater Noida, Uttar Pradesh, India","Greater Noida, Gautam Buddha Nagar, Uttar Pradesh, 201310, India",28.4670734,77.5137649,50.600087977232604,49.19394588033538,6799.0846896217245
199,"Anand Vihar, Hapur - UPPCB",Hapur,Uttar Pradesh,"Hapur, Uttar Pradesh, India","Hapur, Uttar Pradesh, India",28.7166767,77.890433,145.87579849179176,1770.8730157788066,0.0
200,"Nehru Nagar, Kanpur - UPPCB",Kanpur,Uttar Pradesh,"Kanpur, Uttar Pradesh, India","Kanpur, Kanpur Nagar, Uttar Pradesh, India",26.4609135,80.3217588,3.883282685965413,2479.20866641732,1197.1363073793966
201,"Central School, Lucknow - CPCB",Lucknow,Uttar Pradesh,"Lucknow, Uttar Pradesh, India","Lucknow, Uttar Pradesh, 226027, India",26.8381,80.9346001,3.883282685965413,2479.20866641732,1197.1363073793966
202,"Gomti Nagar, Lucknow - UPPCB",Lucknow,Uttar Pradesh,"Lucknow, Uttar Pradesh, India","Lucknow, Uttar Pradesh, 226027, India",26.8381,80.9346001,3.883282685965413,2479.20866641732,1197.1363073793966
203,"Lalbagh, Lucknow - CPCB",Lucknow,Uttar Pradesh,"Lucknow, Uttar Pradesh, India","Lucknow, Uttar Pradesh, 226027, India",26.8381,80.9346001,3.883282685965413,2479.20866641732,1197.1363073793966
204,"Nishant Ganj, Lucknow - UPPCB",Lucknow,Uttar Pradesh,"Lucknow, Uttar Pradesh, India","Lucknow, Uttar Pradesh, 226027, India",26.8381,80.9346001,3.883282685965413,2479.20866641732,1197.1363073793966
205,"Talkatora District Industries Center, Lucknow - CPCB",Lucknow,Uttar Pradesh,"Lucknow, Uttar Pradesh, India","Lucknow, Uttar Pradesh, 226027, India",26.8381,80.9346001,37.85743946265514,8230.770056027335,2331.7656020583563
206,"Ganga Nagar, Meerut - UPPCB",Meerut,Uttar Pradesh,"Meerut, Uttar Pradesh, India","Meerut, Uttar Pradesh, India",29.0018557,77.7679671,37.85743946265514,8230.770056027335,2331.7656020583563
207,"Jai Bhim Nagar, Meerut - UPPCB",Meerut,Uttar Pradesh,"Meerut, Uttar Pradesh, India","Meerut, Uttar Pradesh, India",29.0018557,77.7679671,37.85743946265514,8230.770056027335,2331.7656020583563
208,"Pallavpuram Phase 2, Meerut - UPPCB",Meerut,Uttar Pradesh,"Meerut, Uttar Pradesh, India","Meerut, Uttar Pradesh, India",29.0018557,77.7679671,60.4210202725336,3680.396450204105,4122.168123694647
209,"Lajpat Nagar, Moradabad - UPPCB",Moradabad,Uttar Pradesh,"Moradabad, Uttar Pradesh, India","Moradabad, Uttar Pradesh, India",28.8796553,78.8095335,40.060475646507186,2101.8203666067357,1281.0940480131203
211,"Sector - 125, Noida - UPPCB",Noida,Uttar Pradesh,"Noida, Uttar Pradesh, India","Noida, Dadri, Gautam Buddha Nagar, Uttar Pradesh, India",28.5706333,77.3272147,40.060475646507186,2101.8203666067357,1281.0940480131203
212,"Sector - 62, Noida - IMD",Noida,Uttar Pradesh,"Noida, Uttar Pradesh, India","Noida, Dadri, Gautam Buddha Nagar, Uttar Pradesh, India",28.5706333,77.3272147,40.060475646507186,2101.8203666067357,1281.0940480131203
213,"Sector-1, Noida - UPPCB",Noida,Uttar Pradesh,"Noida, Uttar Pradesh, India","Noida, Dadri, Gautam Buddha Nagar, Uttar Pradesh, India",28.5706333,77.3272147,84.61508361645227,356.67163593006285,2377.8256816188054
214,"Sector-116, Noida - UPPCB",Noida,Uttar Pradesh,"Noida, Uttar Pradesh, India","Noida, Dadri, Gautam Buddha Nagar, Uttar Pradesh, India",28.5706333,77.3272147,126.83758590072418,604.2689668823785,3757.3522969776864
215,"Ardhali Bazar, Varanasi - UPPCB",Varanasi,Uttar Pradesh,"Varanasi, Uttar Pradesh, India","Varanasi, Sadar, Varanasi, Uttar Pradesh, 221001, India",25.3356491,83.0076292,25.91589199195905,454.42593435111775,2478.5008605392886
216,"Asansol Court Area, Asansol - WBPCB",Asansol,West Bengal,"Asansol, West Bengal, India","Asansol, Asansol Kulti Township, Paschim Bardhaman, West Bengal, India",23.6871297,86.9746587,2.229527622171411,181.37492235744185,1450.6196625612508
217,"Sidhu Kanhu Indoor Stadium, Durgapur - WBPCB",Durgapur,West Bengal,"Durgapur, West Bengal, India","Durgapur, Faridpur Durgapur, Paschim Bardhaman, West Bengal, 713200, India",23.5350475,87.3380425,41.502629672279205,352.04227394167077,820.5533024350776
218,"Haldia, Haldia - WBPCB",Haldia,West Bengal,"Haldia, West Bengal, India","Haldia, Purba Medinipur, West Bengal, 721604, India",22.028124,88.0632655,41.502629672279205,352.04227394167077,820.5533024350776
219,"Belur Math, Howrah - WBPCB",Howrah,West Bengal,"Howrah, West Bengal, India","Haora, Howrah, West Bengal, India",22.5736296,88.3251045,41.502629672279205,352.04227394167077,820.5533024350776
220,"Ghusuri, Howrah - WBPCB",Howrah,West Bengal,"Howrah, West Bengal, India","Haora, Howrah, West Bengal, India",22.5736296,88.3251045,29.15843697912942,183.18610237800118,1276.6752622474392
221,"Padmapukur, Howrah - WBPCB",Howrah,West Bengal,"Howrah, West Bengal, India","Haora, Howrah, West Bengal, India",22.5736296,88.3251045,29.15843697912942,183.18610237800118,1276.6752622474392
222,"Ballygunge, Kolkata - WBPCB",Kolkata,West Bengal,"Kolkata, West Bengal, India","Kolkata, West Bengal, India",22.5726459,88.3638953,29.15843697912942,183.18610237800118,1276.6752622474392
223,"Bidhannagar, Kolkata - WBPCB",Kolkata,West Bengal,"Kolkata, West Bengal, India","Kolkata, West Bengal, India",22.5726459,88.3638953,29.15843697912942,183.18610237800118,1276.6752622474392
224,"Fort William, Kolkata - WBPCB",Kolkata,West Bengal,"Kolkata, West Bengal, India","Kolkata, West Bengal, India",22.5726459,88.3638953,29.15843697912942,183.18610237800118,1276.6752622474392
225,"Jadavpur, Kolkata - WBPCB",Kolkata,West Bengal,"Kolkata, West Bengal, India","Kolkata, West Bengal, India",22.5726459,88.3638953,29.15843697912942,183.18610237800118,1276.6752622474392
226,"Rabindra Bharati University, Kolkata - WBPCB",Kolkata,West Bengal,"Kolkata, West Bengal, India","Kolkata, West Bengal, India",22.5726459,88.3638953,29.15843697912942,183.18610237800118,1276.6752622474392
227,"Rabindra Sarobar, Kolkata - WBPCB",Kolkata,West Bengal,"Kolkata, West Bengal, India","Kolkata, West Bengal, India",22.5726459,88.3638953,20.522465269476797,1039.725990918455,1129.355244422326
228,"Victoria, Kolkata - WBPCB",Kolkata,West Bengal,"Kolkata, West Bengal, India","Kolkata, West Bengal, India",22.5726459,88.3638953,5000.0,15000.0,30000.0
229,"Ward-32 Bapupara, Siliguri - WBPCB",Siliguri,West Bengal,"Siliguri, West Bengal, India","Siliguri, Siliguri Subdivsion, Darjeeling, West Bengal, India",26.7164127,88.4309916,5000.0,15000.0,30000.0
171,,,,,,,,93.26117101210188,1703.8569498519118,2804.514687153796
210,,,,,,,,40.060475646507186,2101.8203666067357,1281.0940480131203
